"0","library(DataExplorer)"
"2","Registered S3 method overwritten by 'data.table':
  method           from
  print.data.table     
"
"2","Registered S3 method overwritten by 'dplyr':
  method           from
  print.rowwise_df     
"
"2","Registered S3 methods overwritten by 'htmltools':
  method               from         
  print.html           tools:rstudio
  print.shiny.tag      tools:rstudio
  print.shiny.tag.list tools:rstudio
"
"2","Registered S3 method overwritten by 'htmlwidgets':
  method           from         
  print.htmlwidget tools:rstudio
"
"0","library(dplyr)"
"2","
Attaching package: ‘dplyr’

"
"2","The following objects are masked from ‘package:stats’:

    filter, lag

"
"2","The following objects are masked from ‘package:base’:

    intersect, setdiff, setequal, union

"
